timestamp,query,sop_id,page,found
2026-03-16 11:54:21,protein,QC_SOP_048,1,unknown
2026-03-16 11:54:21,protein,QC_SOP_056,1,unknown
2026-03-16 11:54:21,protein,QC_SOP_114,1,unknown
2026-03-16 11:54:21,protein,QC_SOP_143,1,unknown
2026-03-16 11:54:21,protein,QC_SOP_188,1,unknown
2026-03-16 11:54:21,protein,QC_SOP_195,1,unknown
2026-03-16 11:54:21,protein,QC_SOP_203,1,unknown
2026-03-16 11:54:21,protein,QC_SOP_206,1,unknown
2026-03-16 11:54:21,protein,QC_SOP_263,1,unknown
2026-03-16 11:54:21,protein,QC_SOP_347,1,unknown
2026-03-16 11:55:27,Sterility,QC_SOP_015,1,unknown
2026-03-16 11:55:27,Sterility,QC_SOP_054,1,unknown
2026-03-16 11:55:27,Sterility,QC_SOP_061,1,unknown
2026-03-16 11:55:27,Sterility,QC_SOP_063,1,unknown
2026-03-16 11:55:27,Sterility,QC_SOP_071,1,unknown
2026-03-16 11:55:27,Sterility,QC_SOP_088,1,unknown
2026-03-16 11:55:27,Sterility,QC_SOP_072,1,unknown
2026-03-16 11:55:27,Sterility,QC_SOP_093,1,unknown
2026-03-16 11:55:27,Sterility,QC_SOP_090,1,unknown
2026-03-16 11:55:27,Sterility,QC_SOP_410,1,unknown
2026-03-16 11:55:32,endotoxin,QC_SOP_002,1,unknown
2026-03-16 11:55:32,endotoxin,QC_SOP_003,1,unknown
2026-03-16 11:55:32,endotoxin,QC_SOP_020,1,unknown
2026-03-16 11:55:32,endotoxin,QC_SOP_033,1,unknown
2026-03-16 11:55:32,endotoxin,QC_SOP_037,1,unknown
2026-03-16 11:55:32,endotoxin,QC_SOP_150,1,unknown
2026-03-16 11:55:32,endotoxin,QC_SOP_132,1,unknown
2026-03-16 11:55:32,endotoxin,QC_SOP_081,1,unknown
2026-03-16 11:55:32,endotoxin,QC_SOP_099,1,unknown
2026-03-16 11:55:32,endotoxin,QC_SOP_102,1,unknown
2026-03-16 11:55:35,bioburden,QC_SOP_005,1,unknown
2026-03-16 11:55:35,bioburden,QC_SOP_021,1,unknown
2026-03-16 11:55:35,bioburden,QC_SOP_006,1,unknown
2026-03-16 11:55:35,bioburden,QC_SOP_041,1,unknown
2026-03-16 11:55:35,bioburden,QC_SOP_038,1,unknown
2026-03-16 11:55:35,bioburden,QC_SOP_105,1,unknown
2026-03-16 11:55:35,bioburden,QC_SOP_148,1,unknown
2026-03-16 11:55:35,bioburden,QC_SOP_076,1,unknown
2026-03-16 11:55:35,bioburden,QC_SOP_095,1,unknown
2026-03-16 11:55:35,bioburden,QC_SOP_448,1,unknown
2026-03-16 11:55:45,sampling,QC_SOP_133,1,unknown
2026-03-16 11:55:45,sampling,QC_SOP_055,1,unknown
2026-03-16 11:55:45,sampling,QC_SOP_314,1,unknown
2026-03-16 11:55:45,sampling,QC_SOP_419,1,unknown
2026-03-16 11:55:45,sampling,QC_SOP_180,1,unknown
2026-03-16 11:55:45,sampling,QC_SOP_073,1,unknown
2026-03-16 11:55:45,sampling,QC_SOP_168,1,unknown
2026-03-16 11:55:45,sampling,QC_SOP_334,1,unknown
2026-03-16 11:55:45,sampling,QC_SOP_395,1,unknown
2026-03-16 11:55:45,sampling,QC_SOP_409,1,unknown
